email, password
james.smith@gmail.com, EZS;=6YZuT6Q
mary.johnson@gmail.com, "`2""b*.]/Wok2"
john.williams@gmail.com, "qD-s/x""=Q/**"
patricia.jones@gmail.com, e@0_tEz.P5q)
robert.brown@gmail.com, 6Vw{vNO#j)bx
jennifer.davis@gmail.com, Eoe@Gy/sBy'9
michael.miller@gmail.com, qv]k.C1d'^RN
linda.wilson@gmail.com, "8u^VQ""}%M{bv"
william.moore@gmail.com, a?Lya98{'6Nt
elizabeth.taylor@gmail.com, ",w:B$X,]#c}="
david.anderson@gmail.com, "NYemC%._w""wv"
barbara.thomas@gmail.com, !S3b<__ly2x\
richard.jackson@gmail.com, "1:""[4""}Q]L/"""
susan.white@gmail.com, KVy|6LX|.[Y^
joseph.harris@gmail.com, "Gj,(;[,p-,1M"
jessica.martin@gmail.com, 3eaLC_wuTaJZ
thomas.thompson@gmail.com, vlq4csF$IFc(
sarah.garcia@gmail.com, Bou(YKAT2jy2
charles.martinez@yahoo.com, )!*P!`5J~<fI
karen.robinson@yahoo.com, "V7*\oqDI=2,p"
hristopher.clark@yahoo.com, J6xOK\[hR~G<
nancy.rodriguez@yahoo.com, McDoNaLdS1
daniel.lewis@yahoo.com, $.IB*PU.;1jY
lisa.lee@yahoo.com, 3M(mvNhDk95y
matthew.walker@yahoo.com, L^E4%+'t3@\j
margaret.hall@yahoo.com, ~+Int]hkC/p4
anthony.allen@yahoo.com, "(Gf6@8;(,Ju_"
betty.young@yahoo.com, "sG^zJ><,ndUn"
mark.hernandez@yahoo.com, "Ak""CW~JH-m`"""
sandra.king@yahoo.com, sRTonZ)s6cU]
donald.wright@yahoo.com, mMK{=qiHgZ=t
ashley.lopez@yahoo.com, P\Ve';l[_]|H
steven.hill@yahoo.com, Amw_r6%s@?^L
kimberly.scott@yahoo.com, }XY/E$19z(cF
paul.green@yahoo.com, }z\EkS1yEgml
emily.adams@yahoo.com, ]4o2q)ZsWMx;
andrew.baker@yahoo.com, y@F>jCjJ%1DF
donna.gonzalez@yahoo.com, 6N@RuaAd}UQj
joshua.nelson@yahoo.com, ?*dMh2hJq?aS
michelle.carter@hotmail.com, "^3~$Wk4[46e,"
kenneth.mitchell@hotmail.com, dx:SL4>FLjxl
dorothy.perez@hotmail.com, )aAFC\]N#G]O
kevin.roberts@hotmail.com, "CNL4_a[O,W+r"
carol.turner@hotmail.com, """kdouc|e=^H&"
brian.phillips@hotmail.com, 0d_44Dzo5gF9
amanda.smith@hotmail.com, "y,nEs[TUYU}v"
george.johnson@hotmail.com, -fPCnZ&=.SN>
melissa.williams@hotmail.com, "XZNu""G}+$RF-"
edward.jones@hotmail.com, AJnh{/T#UDPX
deborah.brown@hotmail.com, M7m8.SqMmlRY
